

INSERT INTO DEPARTMENT VALUES ('FASHION DESIGN', 'FD01', 2);
INSERT INTO DEPARTMENT VALUES ('FINANCE', 'FN02', 1);
INSERT INTO DEPARTMENT VALUES ('HUMAN RESOURCES', 'HR03', 2);
INSERT INTO DEPARTMENT VALUES ('INTERNATIONAL BUSINESS', 'IB04', 1);
INSERT INTO DEPARTMENT VALUES ('IT', 'IT05', 2 );
INSERT INTO DEPARTMENT VALUES ('SALES AND MARKETING','SM06', 1);


INSERT INTO EMPLOYEES VALUES ('EMPNO00001', 'Asif Ali', '01-Mar-1994', 'Kurukshetra', '9876543210', 'WORKING', '03-Nov-2018', 'TEACHING_STAFF');
INSERT INTO EMPLOYEES VALUES ('EMPNO00045', 'Baljeet', '23-Dec-1996', 'Karnal', '8654127956', 'ON LEAVE', '28-May-2017', 'TEACHING_STAFF');
INSERT INTO EMPLOYEES VALUES ('EMPNO00756', 'David Nike', '18-Nov-1993', 'Rawa', '9784568521', 'NO SHIFT', '26-Oct-2010', 'TEACHING_STAFF');
INSERT INTO EMPLOYEES VALUES ('EMPNO00021', 'Daman', '13-May-1999', 'Karnal', '7894587458', 'OLD EMPLOYEE', '04-Jun-2019', 'TEACHING_STAFF');
INSERT INTO EMPLOYEES VALUES ('EMPNO00671', 'Florina', '12-Jun-1992', 'Karnal', '9879879658', 'OLD EMPLOYEE', '21-Apr-2012', 'MANAGEMENT_STAFF');
INSERT INTO EMPLOYEES VALUES ('EMPNO00980', 'Firoz Khan', '19-May-1995', 'Kurukshetra', '8546854685', 'NO SHIFT', '08-Jan-2013', 'TEACHING_STAFF');
INSERT INTO EMPLOYEES VALUES ('EMPNO00004', 'Harish Kaur', '26-Sep-1995', 'Karnal', '8523698741', 'WORKING', '19-Nov-2010', 'TEACHING_STAFF');
INSERT INTO EMPLOYEES VALUES ('EMPNO00554', 'Jai', '27-Aug-1994', 'Kurukshetra', '9512436087', 'OLD EMPLOYEE', '11-Dec-2018', 'MANAGEMENT_STAFF');
INSERT INTO EMPLOYEES VALUES ('EMPNO12564', 'Jaya', '05-Jun-1993', 'Kurukshetra', '9512435587', 'WORKING', '01-Aug-2019', 'TEACHING_STAFF');
INSERT INTO EMPLOYEES VALUES ('EMPNO00234', 'Kamal', '30-Nov-1996', 'Karnal', '9002323018', 'WORKING', '03-Aug-2019', 'MANAGEMENT_STAFF');
INSERT INTO EMPLOYEES VALUES ('EMPNO00321', 'Kirandeep', '11-Mar-1996', 'Rawa', '9870650650', 'NO SHIFT', '01-Jul-2016', 'TEACHING_STAFF');
INSERT INTO EMPLOYEES VALUES ('EMPNO05891', 'Manav Singh', '27-Feb-1999', 'Kurukshetra', '8457623591', 'OLD EMPLOYEE', '09-Jan-2013', 'TEACHING_STAFF');
INSERT INTO EMPLOYEES VALUES ('EMPNO09051', 'Mehak', '14-Jan-1998', 'Karnal', '8965236523', 'ON LEAVE', '16-Oct-2019', 'MANAGEMENT_STAFF');
INSERT INTO EMPLOYEES VALUES ('EMPNO00501', 'Neeraj', '11-Oct-2000', 'Kurukshetra', '9876549870', 'WORKING', '18-Sep-2020', 'TEACHING_STAFF');
INSERT INTO EMPLOYEES VALUES ('EMPNO27001', 'Oliver', '22-Jul-2001', 'Kurukshetra', '9856985698', 'WORKING', '10-Aug-2014', 'TEACHING_STAFF');
INSERT INTO EMPLOYEES VALUES ('EMPNO04401', 'Paras', '26-Nov-1993', 'Karnal', '7854789654', 'WORKING', '30-Aug-2017', 'MANAGEMENT_STAFF');
INSERT INTO EMPLOYEES VALUES ('EMPNO09801', 'Paul', '17-Dec-1994', 'Rawa', '9632541087', 'NO SHIFT', '13-Apr-2020', 'TEACHING_STAFF');
INSERT INTO EMPLOYEES VALUES ('EMPNO30701', 'Rhea', '09-Jun-1996', 'Kurukshetra', '9874152630', 'ON LEAVE', '06-Jun-2011', 'TEACHING_STAFF');
INSERT INTO EMPLOYEES VALUES ('EMPNO33001', 'Sammy', '05-Mar-1997', 'Karnal', '8005400630', 'WORKING', '15-Jul-2017', 'TEACHING_STAFF');
INSERT INTO EMPLOYEES VALUES ('EMPNO49501', 'Stuart', '31-Jan-1997', 'Rawa', '9112053306', 'WORKING', '31-Dec-2013', 'TEACHING_STAFF');

INSERT INTO MANAGEMENT_STAFF VALUES ('EMPNO00671', 'Florina', 'Cleaning', '2012-2018', 'Janitor');
INSERT INTO MANAGEMENT_STAFF VALUES ('EMPNO00554', 'Jai', 'Reception', '2018-2020', 'Cashier');
INSERT INTO MANAGEMENT_STAFF VALUES ('EMPNO00234', 'Kamal', 'Events_Department', '2019-CURRENT', 'Events_Manager');
INSERT INTO MANAGEMENT_STAFF VALUES ('EMPNO09051', 'Mehak', 'Hostel', '2019-CURRENT', 'Warden');
INSERT INTO MANAGEMENT_STAFF VALUES ('EMPNO04401', 'Paras', 'Marketing and Website', '2017-CURRENT', 'Programmer');

INSERT INTO DESIGNATION VALUES ('Janitor', 10000, 1200);
INSERT INTO DESIGNATION VALUES ('Cashier', 12000, 1000);
INSERT INTO DESIGNATION VALUES ('Events_Manager', 17000, 1300);
INSERT INTO DESIGNATION VALUES ('Warden', 10000, 1000);
INSERT INTO DESIGNATION VALUES ('Programmer', 20000, 1700 );

INSERT INTO TEACHING_STAFF VALUES ('EMPNO00001', 'Asif Ali', '2018-CURRENT', 'ASSISTANT PROFESSOR');
INSERT INTO TEACHING_STAFF VALUES ('EMPNO00045', 'Baljeet', '2017-CURRENT', 'ASSISTANT PROFESSOR');
INSERT INTO TEACHING_STAFF VALUES ('EMPNO00756', 'David Nike', '2010-CURRENT', 'PROFESSOR');
INSERT INTO TEACHING_STAFF VALUES ('EMPNO00021', 'Daman', '2019-2020', 'INTERN');
INSERT INTO TEACHING_STAFF VALUES ('EMPNO00980', 'Firoz Khan', '2013-CURRENT', 'PROFESSOR'); 
INSERT INTO TEACHING_STAFF VALUES ('EMPNO00004', 'Harish Kaur', '2010-CURRENT', 'PROFESSOR');
INSERT INTO TEACHING_STAFF VALUES ('EMPNO00321', 'Kirandeep', '2016-CURRENT', 'ASSISTANT PROFESSOR');
INSERT INTO TEACHING_STAFF VALUES ('EMPNO05891', 'Manav Singh', '2013-2016', 'INTERN');
INSERT INTO TEACHING_STAFF VALUES ('EMPNO00501', 'Neeraj', '2020-CURRENT', 'INTERN');
INSERT INTO TEACHING_STAFF VALUES ('EMPNO27001', 'Oliver', '2014-CURRENT', 'ASSISTANT PROFESSOR');
INSERT INTO TEACHING_STAFF VALUES ('EMPNO09801', 'Paul', '2020-CURRENT', 'INTERN');
INSERT INTO TEACHING_STAFF VALUES ('EMPNO30701', 'Rhea', '2011-CURRENT', 'PROFESSOR');
INSERT INTO TEACHING_STAFF VALUES ('EMPNO33001', 'Sammy', '2017-CURRENT', 'ASSISTANT PROFESSOR');
INSERT INTO TEACHING_STAFF VALUES ('EMPNO49501', 'Stuart', '2013-CURRENT', 'PROFESSOR');
INSERT INTO TEACHING_STAFF VALUES ('EMPNO12564', 'Jaya', '2019-CURRENT', 'INTERN');

INSERT INTO LECTURES VALUES ('TECHNIQUES OF MONEY MANAGEMENT', 2, '9 TO 11 AM');
INSERT INTO LECTURES VALUES ('REUSE OF WASTE RESOURCES', 2, '1 TO 3 PM'); 
INSERT INTO LECTURES VALUES ('INCOME TARGETS AND TRICKS', 1, '8 TO 9 AM');
INSERT INTO LECTURES VALUES ('ART OF ANCIENT WORKS', 3, '11.30 AM TO 2.30 PM');
INSERT INTO LECTURES VALUES ('FOUNDATION OF IT', 2, '4 TO 6 PM');

INSERT INTO PROFESSOR VALUES ('EMPNO00756', 'David Nike', 'FINANCE', 'TECHNIQUES OF MONEY MANAGEMENT', 5, 60000, 1500);
INSERT INTO PROFESSOR VALUES ('EMPNO00980', 'Firoz Khan', 'HUMAN RESOURCES', 'REUSE OF WASTE RESOURCES', 4, 55000, 1300); 
INSERT INTO PROFESSOR VALUES ('EMPNO00004', 'Harish Kaur', 'FINANCE', 'INCOME TARGETS AND TRICKS', 6, 60000, 1500);
INSERT INTO PROFESSOR VALUES ('EMPNO30701', 'Rhea', 'FASHION DESIGN', 'ART OF ANCIENT WORKS', 3, 63000, 1700);
INSERT INTO PROFESSOR VALUES ('EMPNO49501', 'Stuart', 'IT', 'FOUNDATION OF IT', 5, 70000, 2000);

INSERT INTO ASSISTANT_PROFESSOR VALUES ('EMPNO00001', 'Asif Ali', 'FASHION DESIGN', 'EMPNO30701', 30000, 1500);
INSERT INTO ASSISTANT_PROFESSOR VALUES ('EMPNO00045', 'Baljeet', 'HUMAN RESOURCES', 'EMPNO00980', 29000, 1300);
INSERT INTO ASSISTANT_PROFESSOR VALUES ('EMPNO00321', 'Kirandeep', 'FINANCE', 'EMPNO00004', 32000, 1700);
INSERT INTO ASSISTANT_PROFESSOR VALUES ('EMPNO27001', 'Oliver', 'FASHION DESIGN', 'EMPNO30701', 30000, 1500);
INSERT INTO ASSISTANT_PROFESSOR VALUES ('EMPNO33001', 'Sammy', 'IT', 'EMPNO49501', 35000, 2000);

INSERT INTO INTERN VALUES ('EMPNO00021', 'Daman', 5000, 'FASHION DESIGN', 'EMPNO00001');
INSERT INTO INTERN VALUES ('EMPNO05891', 'Manav Singh',4000, 'FINANCE', 'EMPNO00321');
INSERT INTO INTERN VALUES ('EMPNO00501', 'Neeraj',5000, 'FASHION DESIGN', 'EMPNO27001');
INSERT INTO INTERN VALUES ('EMPNO09801', 'Paul',6000, 'IT', 'EMPNO33001');
INSERT INTO INTERN VALUES ('EMPNO12564', 'Jaya',6000, 'IT', 'EMPNO33001');

INSERT INTO HEAD_OF_DEPARTMENT VALUES ('EMPNO78945', 'RAVI', 'FASHION DESIGN', '2010-CURRENT', 130000, 3000, 8);
INSERT INTO HEAD_OF_DEPARTMENT VALUES ('EMPNO96854', 'SHINKHA', 'HUMAN RESOURCES', '2009-CURRENT', 115000, 2600, 15);
INSERT INTO HEAD_OF_DEPARTMENT VALUES ('EMPNO06665', 'TAMANNA', 'FINANCE', '2013-CURRENT', 140000, 3400, 15);
INSERT INTO HEAD_OF_DEPARTMENT VALUES ('EMPNO27056', 'YASH', 'FASHION DESIGN', '2008-CURRENT',130000, 3000, 8);
INSERT INTO HEAD_OF_DEPARTMENT VALUES ('EMPNO33081', 'ZAKIR', 'IT', '2011-CURRENT', 150000, 5000, 13);

INSERT INTO PRINCIPAL VALUES ('JANE PAULO','11-Jul-1985', '9865986325', '2008-CURRENT');
INSERT INTO PRINCIPAL VALUES ('DEAN TOOR', '16-Nov-1979', '9857412360', '2015-CURRENT'); 
INSERT INTO PRINCIPAL VALUES ('HUGH BANSAL', '28-Jun-1981', '9758496200', '2011-CURRENT');
INSERT INTO PRINCIPAL VALUES ('LOVELY SINGH', '30-Mar-1988', '8000321605', '2019-CURRENT');

INSERT INTO BRANCHES VALUES ('BCHE', 'KARNAL, SECTOR 9', 'JANE PAULO', 4);
INSERT INTO BRANCHES VALUES ('BCE', 'KARNAL, SECTOR 8', 'DEAN TOOR', 2); 
INSERT INTO BRANCHES VALUES ('BCA', 'KARNAL, SECTOR 12', 'HUGH BANSAL', 1);
INSERT INTO BRANCHES VALUES ('BCM', 'KARNAL, SECTOR 13', 'LOVELY SINGH', 2);

INSERT INTO COURSES VALUES ('MBA', 'FINANCE', 'BCM',300000, '2 YEARS', 3.8, 'CLASS 12 OR EQUIVALENT');
INSERT INTO COURSES VALUES ('B.COM', 'SALES AND MARKETING', 'BCHE', 200000,'3 YEARS', 4.5, 'CLASS 12 OR EQUIVALENT');
INSERT INTO COURSES VALUES ('B.SC', 'FASHION DESIGN', 'BCHE', 400000, '4 YEARS', 3.3, 'CLASS 12 OR EQUIVALENT');
INSERT INTO COURSES VALUES ('BFA', 'HUMAN RESOURCES', 'BCHE', 300000, '3 YEARS', 4.9, 'CLASS 12 OR EQUIVALENT');
INSERT INTO COURSES VALUES ('B.ARCH', 'HUMAN RESOURCES', 'BCA', 500000 , '5 YEARS', 3.6, 'CLASS 12 OR EQUIVALENT');
INSERT INTO COURSES VALUES ('B.ED', 'IT', 'BCE', 400000, '3 YEARS', 4.2, 'CLASS 12 OR EQUIVALENT');

INSERT INTO STUDENTS VALUES ('STU_FIN_00001','AIYSHA', '04-May2002', 'KARNAL', 'MBA', 'HOSTEL', '9865986532', '8798795462');
INSERT INTO STUDENTS VALUES ('STU_HRS_00001','JANISHA', '11-Aug-2001', 'RAWA', 'B.ARCH', 'OWN', '8794563210', '8965230145' ); 
INSERT INTO STUDENTS VALUES ('STU_FIN_00012','KAVITA', '26-Dec-2004', 'KKR', 'MBA', 'HOSTEL', '7878784545', '7894586320' );
INSERT INTO STUDENTS VALUES ('STU_FDS_00004','LAKSH', '20-Jul-1999', 'DELHI', 'B.SC', 'OTHER', '7485962301', '9003690036' );
INSERT INTO STUDENTS VALUES ('STU_ITD_00031','PARUL', '15-Mar-1997', 'RAWA', 'B.ED', 'HOSTEL', '8794856123', '9807465321' );

INSERT INTO STUDENT_LECTURES VALUES ('TECHNIQUES OF MONEY MANAGEMENT', 'STU_FIN_00001');
INSERT INTO STUDENT_LECTURES VALUES ('REUSE OF WASTE RESOURCES', 'STU_HRS_00001'); 
INSERT INTO STUDENT_LECTURES VALUES ('INCOME TARGETS AND TRICKS', 'STU_FIN_00012');
INSERT INTO STUDENT_LECTURES VALUES ('ART OF ANCIENT WORKS', 'STU_FDS_00004');
INSERT INTO STUDENT_LECTURES VALUES ('FOUNDATION OF IT','STU_ITD_00031');

INSERT INTO SERVICES VALUES ('GYM', 500, '5AM TO 11PM', 'SEPARATE FOR BOYS AND GIRLS');
INSERT INTO SERVICES VALUES ('SPORTS', 1000, '9AM TO 7PM', 'FREE EQUIPMENT AVAILABLE'); 
INSERT INTO SERVICES VALUES ('YOGA', 800, '6AM TO 9AM', 'BRETHE FRESH AND STAY HEALTHY');
INSERT INTO SERVICES VALUES ('CAFE', 300, '24HOURS', 'TAX-FREE COFFEE ANYTIME');
INSERT INTO SERVICES VALUES ('CANTEEN', 450, '24HOURS', 'COME AND GRAB SOME FOOD');

INSERT INTO BRANCH_SERVICE VALUES ('BCHE', 'CANTEEN');
INSERT INTO BRANCH_SERVICE VALUES ('BCA', 'CANTEEN'); 
INSERT INTO BRANCH_SERVICE VALUES ('BCM', 'SPORTS');
INSERT INTO BRANCH_SERVICE VALUES ('BCHE', 'CAFE');
INSERT INTO BRANCH_SERVICE VALUES ('BCE', 'CAFE');

INSERT INTO CHAIRMAN VALUES ('LKR', 'LALA KHUSHI RAM','22-Feb-1965', 'LUDHIANA', '6523987001');
INSERT INTO CHAIRMAN VALUES ('RMG', 'RAM MOHAN GUPTA', '22-Jun-1972', 'PAKHOWAL', '8659653207'); 

INSERT INTO DIRECTORS VALUES ('LKS', 'LAAL KHUSH SINGH', 'FOUNDATION-2000', 200000, 'FINANCE DEPARTMENT', 'MANAGING DIRECTOR');
INSERT INTO DIRECTORS VALUES ('RMG', 'RAM MOHAN GUPTA', 'FOUNDATION-2000', 400000, 'MARKETING DEPARTMENT', 'MARKETING DIRECTOR'); 
INSERT INTO DIRECTORS VALUES ('NTG', 'NITESH GUPTA', '2000-CURRENT', 1000000, 'FINANCE DEPARTMENT', 'MANAGING DIRECTOR');
INSERT INTO DIRECTORS VALUES ('MKG', 'MEENAKSHI GUPTA', '2000-CURRENT', 1000000, 'FINANCE DEPARTMENT', 'MANAGING DIRECTOR');
INSERT INTO DIRECTORS VALUES ('ASG', 'ASHISH GUPTA', '2002-CURRENT', 800000, 'MARKETING DEPARTMENT', 'MARKETING DIRECTOR');

INSERT INTO MARKETING_DEPARTMENT VALUES ('APR-21', 'MKT_REP01', 20000, 55000);
INSERT INTO MARKETING_DEPARTMENT VALUES ('MAY-21', 'MKT_REP02', 30000, 40000); 
INSERT INTO MARKETING_DEPARTMENT VALUES ('AUG-21', 'MKT_REP03', 10000, 60000);
INSERT INTO MARKETING_DEPARTMENT VALUES ('SEP-21', 'MKT_REP04', 10000, 50000);
INSERT INTO MARKETING_DEPARTMENT VALUES ('OCT-21', 'MKT_REP05', 29000, 50000);

INSERT INTO FINANCE_DEPARTMENT VALUES ('APR-21', 'FIN_REP01', 20000, 55000, 50000, 56000, 300000, 500000);
INSERT INTO FINANCE_DEPARTMENT VALUES ('MAY-21', 'FIN_REP02', 30000, 40000, 70000, 46000, 600000, 500000); 
INSERT INTO FINANCE_DEPARTMENT VALUES ('AUG-21', 'FIN_REP03', 100000, 60000, 30000, 73000, 300000, 500000);
INSERT INTO FINANCE_DEPARTMENT VALUES ('SEP-21', 'FIN_REP04', 100000, 50000, 50000, 50000, 600000, 500000);
INSERT INTO FINANCE_DEPARTMENT VALUES ('OCT-21', 'FIN_REP05', 29000, 30000, 56000, 60000, 300000, 500000);

INSERT INTO HOSTEL VALUES ('APR-21', 'A01', 10, 'SINGLE', 6000);
INSERT INTO HOSTEL VALUES ('MAY-21', 'B03', 8, 'DOUBLE', 4500); 
INSERT INTO HOSTEL VALUES ('AUG-21', 'C02', 7, 'DOUBLE', 4000);
INSERT INTO HOSTEL VALUES ('SEP-21', 'A02', 15, 'TRIPLE', 4000);
INSERT INTO HOSTEL VALUES ('OCT-21', 'B01', 4, 'SINGLE', 5500);

INSERT INTO RECEPTION VALUES ('APR-21', 'REC_REP01', 100, 300, 50);
INSERT INTO RECEPTION VALUES ('MAY-21', 'REC_REP02', 75, 200, 70); 
INSERT INTO RECEPTION VALUES ('AUG-21', 'REC_REP03', 70, 100, 30);
INSERT INTO RECEPTION VALUES ('SEP-21', 'REC_REP04', 150, 130, 20);
INSERT INTO RECEPTION VALUES ('OCT-21', 'REC_REP05', 40, 120, 56);

INSERT INTO ACCOUNTS_DEPARTMENT VALUES ('APR-21', 'ACC_REP01', 20000, 55000, 50000, 56000, 300000, 500000);
INSERT INTO ACCOUNTS_DEPARTMENT VALUES ('MAY-21', 'ACC_REP02', 30000, 40000, 70000, 46000, 600000, 500000); 
INSERT INTO ACCOUNTS_DEPARTMENT VALUES ('AUG-21', 'ACC_REP03', 100000, 60000, 30000, 73000, 300000, 500000);
INSERT INTO ACCOUNTS_DEPARTMENT VALUES ('SEP-21', 'ACC_REP04', 100000, 50000, 50000, 50000, 600000, 500000);
INSERT INTO ACCOUNTS_DEPARTMENT VALUES ('OCT-21', 'ACC_REP05', 29000, 30000, 56000, 60000, 300000, 500000);

INSERT INTO APPLICANT_DATA VALUES ('APP_FIN_010','AIANA', 'KARNAL', '02-Dec-2002', '9865986532', 'MBA', 'CLASS 12', '28-May-2021');
INSERT INTO APPLICANT_DATA VALUES ('APP_HRS_001','JATIN', 'RAWA', '12-Apr-2001', '8794563210', 'B.ARCH', 'CLASS 12', '25-May-2021'); 
INSERT INTO APPLICANT_DATA VALUES ('APP_FIN_012','KOMAL', 'KKR', '28-Mar-2004', '7878784545', 'MBA',  'CLASS 10', '27-May-2021');
INSERT INTO APPLICANT_DATA VALUES ('APP_FDS_004','LAVISH', 'DELHI', '12-Jul-1999', '7485962301', 'B.SC', 'CLASS 10', '12-May-2021');
INSERT INTO APPLICANT_DATA VALUES ('APP_ITD_031','SITA', 'RAWA', '05-Aug-1997', '8794856123', 'B.ED', 'CLASS 12', '15-May-2021');

INSERT INTO ADMIN VALUES ('APR-21', 100, 300, 50, '02-May-2021');
INSERT INTO ADMIN VALUES ('MAY-21', 75, 200, 70, '02-Jun-2021'); 
INSERT INTO ADMIN VALUES ('AUG-21', 70, 100, 30, '02-Jul-2021');
INSERT INTO ADMIN VALUES ('SEP-21', 150, 130, 20, '02-Aug-2021');
INSERT INTO ADMIN VALUES ('OCT-21',  40, 120, 56, '02-Sep-2021');

INSERT INTO EVENTS_DEPARTMENT VALUES ('APR-21', 'EVE_REP01', 2, 5, 50000);
INSERT INTO EVENTS_DEPARTMENT VALUES ('MAY-21', 'EVE_REP02', 3, 4, 70000); 
INSERT INTO EVENTS_DEPARTMENT VALUES ('AUG-21', 'EVE_REP03', 1, 6, 30000);
INSERT INTO EVENTS_DEPARTMENT VALUES ('SEP-21', 'EVE_REP04', 1, 5, 50000);
INSERT INTO EVENTS_DEPARTMENT VALUES ('OCT-21', 'EVE_REP05', 2, 3, 56000);

INSERT INTO MONTHLY_REPORTS VALUES ('APR-21', 'FIN_REP01', 'EVE_REP01', 'ACC_REP01', 'MKT_REP01', 'REC_REP01');
INSERT INTO MONTHLY_REPORTS VALUES ('MAY-21', 'FIN_REP02', 'EVE_REP02', 'ACC_REP02', 'MKT_REP02', 'REC_REP02'); 
INSERT INTO MONTHLY_REPORTS VALUES ('AUG-21', 'FIN_REP03', 'EVE_REP03', 'ACC_REP03', 'MKT_REP03', 'REC_REP03');
INSERT INTO MONTHLY_REPORTS VALUES ('SEP-21', 'FIN_REP04', 'EVE_REP04', 'ACC_REP04', 'MKT_REP04', 'REC_REP04');
INSERT INTO MONTHLY_REPORTS VALUES ('OCT-21',  'FIN_REP05', 'EVE_REP05', 'ACC_REP05', 'MKT_REP05', 'REC_REP05');
